Student_ID,Name,Department,Python,SQL,Statistics,Computer_Networks,Web_Technology,Attendance
ST001,Rahul,BCA,78,85,72,75,80,88
ST002,Priya,BCA,92,88,90,94,91,96
ST003,Amit,BCA,65,70,68,72,66,79
ST004,Sneha,BCA,81,76,85,80,83,91
ST005,Ravi,BCA,55,62,58,61,57,72
ST006,Ananya,BCA,88,91,84,86,89,94
ST007,Arjun,BCA,73,69,75,71,78,83
ST008,Neha,BCA,48,55,45,52,50,68
ST009,Karan,BCA,84,79,81,85,82,89
ST010,Pooja,BCA,67,73,64,69,71,76
ST011,Vikram,BCA,90,86,88,92,87,97
ST012,Riya,BCA,76,82,79,74,81,86
ST013,Sourav,BCA,59,64,52,60,63,73
ST014,Tanya,BCA,87,90,83,88,85,92
ST015,Rohan,BCA,71,68,74,70,72,81
ST016,Moumita,BCA,93,95,91,89,94,98
ST017,Sahil,BCA,62,58,65,60,67,70
ST018,Isha,BCA,80,77,82,79,84,87
ST019,Aditya,BCA,45,52,39,48,51,58
ST020,Kavya,BCA,86,83,89,84,88,93
